{"cameraMode":{"drawMode":0,"name":"Shaded","section":"Shading Mode"},"sceneLighting":false,"audioPlay":false,"sceneViewState":{"showFog":true,"showMaterialUpdate":false,"showSkybox":false,"showFlares":true,"showImageEffects":true,"showParticleSystems":true},"in2DMode":false,"pivot":{"x":-0.8736414909362793,"y":-1.0760449171066285,"z":5.264876365661621},"rotation":{"x":0.08912316709756851,"y":-0.043113842606544498,"z":0.0038148611783981325,"w":0.995081901550293},"size":4.203059196472168,"orthographic":false}