{"cameraMode":{"drawMode":0,"name":"Shaded","section":"Shading Mode"},"sceneLighting":false,"audioPlay":false,"sceneViewState":{"showFog":true,"showMaterialUpdate":false,"showSkybox":false,"showFlares":true,"showImageEffects":true,"showParticleSystems":true},"in2DMode":false,"pivot":{"x":0.08918029069900513,"y":2.515377998352051,"z":-0.10406676679849625},"rotation":{"x":0.12709859013557435,"y":0.0749141201376915,"z":-0.009632421657443047,"w":0.989021360874176},"size":0.8091183304786682,"orthographic":false}