{"cameraMode":{"drawMode":0,"name":"Shaded","section":"Shading Mode"},"sceneLighting":false,"audioPlay":false,"sceneViewState":{"showFog":true,"showMaterialUpdate":false,"showSkybox":false,"showFlares":true,"showImageEffects":true,"showParticleSystems":true},"in2DMode":false,"pivot":{"x":-1.7534472942352296,"y":-0.8788706064224243,"z":-2.67889142036438},"rotation":{"x":0.060828786343336108,"y":-0.8948668241500855,"z":0.1286718249320984,"w":0.4230442941188812},"size":2.521191358566284,"orthographic":false}