{"cameraMode":{"drawMode":0,"name":"Shaded","section":"Shading Mode"},"sceneLighting":false,"audioPlay":false,"sceneViewState":{"showFog":true,"showMaterialUpdate":false,"showSkybox":false,"showFlares":true,"showImageEffects":true,"showParticleSystems":true},"in2DMode":false,"pivot":{"x":-1.6473835706710816,"y":0.2564254701137543,"z":-1.1025856733322144},"rotation":{"x":0.04660821706056595,"y":0.3512803316116333,"z":-0.01751132123172283,"w":0.9349514245986939},"size":2.514958143234253,"orthographic":false}